{
 "global_mean": 0.08196614812611541,
 "per_object_mean_grounding": {
  "person": 0.06026139871382637,
  "tennis racket": 0.1366236111111111,
  "horse": 0.10538000000000002,
  "backpack": 0.10258199999999999,
  "dining table": 0.09676064102564103,
  "donut": 0.11154625,
  "cake": 0.078198125,
  "chair": 0.07408144578313253,
  "bowl": 0.06623055555555554,
  "broccoli": 0.14259863636363637,
  "pizza": 0.10110666666666666,
  "fork": 0.05333227272727273,
  "umbrella": 0.11555921052631578,
  "tie": 0.07506625000000001,
  "scissors": 0.08883200000000001,
  "cell phone": 0.10308736842105265,
  "bicycle": 0.06685607142857142,
  "handbag": 0.05927714285714286,
  "bench": 0.0753460606060606,
  "motorcycle": 0.12284045454545457,
  "train": 0.11544033333333334,
  "toilet": 0.0856509375,
  "surfboard": 0.10557022727272729,
  "traffic light": 0.11094545454545454,
  "sheep": 0.1173875,
  "sports ball": 0.08655258620689654,
  "snowboard": 0.12341166666666666,
  "elephant": 0.14996833333333331,
  "boat": 0.10427477272727272,
  "bus": 0.11418916666666667,
  "bear": 0.094873125,
  "fire hydrant": 0.10694200000000001,
  "laptop": 0.095824375,
  "wine glass": 0.11191944444444443,
  "cup": 0.07981365384615385,
  "book": 0.08643083333333332,
  "microwave": 0.04305818181818182,
  "oven": 0.06297342105263158,
  "sink": 0.08586783333333334,
  "potted plant": 0.08184,
  "skis": 0.11750964285714287,
  "couch": 0.071705,
  "tv": 0.07231431818181817,
  "remote": 0.06376227272727272,
  "dog": 0.09271045454545454,
  "refrigerator": 0.07483166666666666,
  "bottle": 0.053168799999999995,
  "suitcase": 0.10145214285714285,
  "baseball bat": 0.10633050000000002,
  "baseball glove": 0.11206750000000001,
  "bed": 0.08949785714285716,
  "bird": 0.08292176470588233,
  "spoon": 0.06440630434782608,
  "toaster": 0.06494875,
  "cat": 0.09612052631578949,
  "airplane": 0.1244205,
  "skateboard": 0.10822785714285715,
  "kite": 0.08853642857142859,
  "mouse": 0.07493363636363636,
  "truck": 0.0676125,
  "car": 0.08417763636363636,
  "hot dog": 0.11697,
  "clock": 0.06924907894736843,
  "vase": 0.06638583333333332,
  "giraffe": 0.0993,
  "sandwich": 0.08810076923076922,
  "knife": 0.049384500000000005,
  "teddy bear": 0.11746142857142858,
  "cow": 0.10141444444444445,
  "toothbrush": 0.052571999999999994,
  "zebra": 0.0984025,
  "keyboard": 0.08451222222222222,
  "apple": 0.09081142857142857,
  "banana": 0.13497681818181817,
  "orange": 0.07347461538461539,
  "frisbee": 0.07114,
  "stop sign": 0.137269,
  "carrot": 0.066105
 }
}