{"person": 0.11392627009646301, "tennis racket": 0.19103, "horse": 0.1530125, "backpack": 0.15363279999999999, "dining table": 0.14653384615384615, "donut": 0.1612475, "cake": 0.125015, "chair": 0.1289959036144578, "bowl": 0.11481888888888887, "broccoli": 0.1800990909090909, "pizza": 0.15070999999999998, "fork": 0.10961363636363636, "umbrella": 0.15577684210526319, "tie": 0.12592499999999998, "scissors": 0.128574, "cell phone": 0.15294526315789475, "bicycle": 0.117845, "handbag": 0.1087802380952381, "bench": 0.12757060606060608, "motorcycle": 0.17081727272727273, "train": 0.1692286666666667, "toilet": 0.142375625, "surfboard": 0.16793318181818184, "traffic light": 0.17671181818181816, "sheep": 0.17258500000000002, "sports ball": 0.1453541379310345, "snowboard": 0.18805999999999998, "elephant": 0.17874333333333334, "boat": 0.1549686363636364, "bus": 0.16902333333333333, "bear": 0.16159374999999998, "fire hydrant": 0.15449200000000002, "laptop": 0.15056875, "wine glass": 0.16194111111111112, "cup": 0.13291403846153843, "book": 0.139758, "microwave": 0.09104272727272728, "oven": 0.11267473684210527, "sink": 0.13614099999999998, "potted plant": 0.12826782608695655, "skis": 0.18076857142857142, "couch": 0.13418714285714284, "tv": 0.12141863636363634, "remote": 0.1173490909090909, "dog": 0.15200090909090908, "refrigerator": 0.12038166666666666, "bottle": 0.10186260000000001, "suitcase": 0.15396428571428572, "baseball bat": 0.167097, "baseball glove": 0.166696, "bed": 0.13959238095238097, "bird": 0.1311864705882353, "spoon": 0.1139626086956522, "toaster": 0.118515, "cat": 0.14877263157894738, "airplane": 0.171914, "skateboard": 0.17610428571428574, "kite": 0.13760857142857144, "mouse": 0.13160272727272726, "truck": 0.12025772727272725, "car": 0.13946490909090906, "hot dog": 0.18251666666666666, "clock": 0.12281315789473685, "vase": 0.11635916666666668, "giraffe": 0.139955, "sandwich": 0.13296846153846154, "knife": 0.0984445, "teddy bear": 0.18772000000000003, "cow": 0.15583222222222226, "toothbrush": 0.09999799999999999, "zebra": 0.143045, "keyboard": 0.1427, "apple": 0.1444257142857143, "banana": 0.17546454545454546, "orange": 0.12814615384615385, "frisbee": 0.11760999999999999, "stop sign": 0.20468599999999998, "carrot": 0.114592}