{"tennis racket": 0.13516333550214768, "chair": 0.09154172924657662, "person": 0.0827558993572189, "dining table": 0.14317898042500019, "donut": 0.17374448105692863, "bowl": 0.13889318803946177, "pizza": 0.15274721384048462, "scissors": 0.13412406543890634, "handbag": 0.07875438849441707, "bicycle": 0.12484663166105747, "train": 0.12471758148499898, "surfboard": 0.16387418714853433, "sports ball": 0.10946100577712059, "elephant": 0.2695687438050906, "bus": 0.13113003522157668, "bear": 0.11879598473509152, "skis": 0.17089340214927992, "dog": 0.13111591339111328, "oven": 0.10317316154638927, "refrigerator": 0.136930235262428, "bottle": 0.11512318735613543, "umbrella": 0.13558808863162994, "boat": 0.11623455087343852, "baseball bat": 0.13055720273405313, "bird": 0.10783438198268414, "suitcase": 0.12789019693930945, "cat": 0.13611295488145617, "airplane": 0.1404272330303987, "baseball glove": 0.1246344383273806, "horse": 0.1351005466920989, "car": 0.11026072852751788, "skateboard": 0.1613673996180296, "truck": 0.09724026266485453, "clock": 0.08754284916953607, "fork": 0.0588767354687055, "spoon": 0.11767224648169108, "apple": 0.08340168992678325, "giraffe": 0.21048814555009207, "sandwich": 0.10998105588886473, "couch": 0.10669258423149586, "bed": 0.11634730845689774, "laptop": 0.12095437943935394, "teddy bear": 0.1457921713590622, "vase": 0.10489846600426568, "potted plant": 0.117584980196423, "cake": 0.15970919281244278, "orange": 0.09937648475170135, "cell phone": 0.11757946684956551, "toilet": 0.19702961295843124, "sink": 0.09418150569711413, "toaster": 0.11377348005771637, "cup": 0.10354744311836031, "microwave": 0.06241915188729763, "toothbrush": 0.09440096467733383, "sheep": 0.1309846043586731, "motorcycle": 0.14944456666707992, "book": 0.10675151795148849, "remote": 0.07099961613615353, "mouse": 0.08759374916553497, "keyboard": 0.10930409729480743, "tv": 0.07542062516916882, "bench": 0.16516800299286843, "tie": 0.07760125696659088, "traffic light": 0.15119350949923197, "wine glass": 0.12444717064499855, "frisbee": 0.1245887279510498, "fire hydrant": 0.13543976284563541, "hot dog": 0.10849789902567863, "banana": 0.17323442175984383, "backpack": 0.14418801590800284, "snowboard": 0.14504285752773285, "broccoli": 0.19803215031112945, "knife": 0.07344869772593181, "stop sign": 0.16072082022825876, "cow": 0.11040491759777069, "zebra": 0.17792079597711563, "carrot": 0.1105712428689003, "kite": 0.11546652764081955}